               epoch,      train/box_loss,      train/cls_loss,      train/dfl_loss,   metrics/precision,      metrics/recall,     metrics/mAP_0.5,metrics/mAP_0.5:0.95,        val/box_loss,        val/cls_loss,        val/dfl_loss,               x/lr0,               x/lr1,               x/lr2
                   0,              4.1666,              5.6504,              5.2495,           0.0012365,             0.35859,          0.00086517,           0.0001655,                   0,                   0,                   0,              0.0892,              0.0012,              0.0012
                   1,              4.1573,              5.5131,              5.2505,           0.0012493,             0.35354,          0.00087385,          0.00016519,                   0,                   0,                   0,            0.077495,            0.002495,            0.002495
                   2,              3.9801,              5.5374,              5.2409,           0.0012922,             0.35354,          0.00087622,          0.00016235,                   0,                   0,                   0,            0.065785,            0.003785,            0.003785
                   3,              4.1197,               5.486,              5.2423,           0.0013036,             0.35354,           0.0010128,          0.00017802,                   0,                   0,                   0,             0.05407,           0.0050697,           0.0050697
                   4,               4.206,              5.4429,              5.2279,           0.0013818,             0.35354,           0.0010013,          0.00018625,                   0,                   0,                   0,            0.042349,           0.0063493,           0.0063493
                   5,              4.0689,              5.3382,              5.2354,           0.0014285,             0.35859,            0.001002,          0.00019177,                   0,                   0,                   0,            0.030624,           0.0076238,           0.0076238
                   6,               4.203,              5.2417,              5.2329,           0.0017906,              0.5303,           0.0015033,          0.00029289,                   0,                   0,                   0,            0.018893,           0.0088931,           0.0088931
                   7,              4.1255,              4.9035,              5.2001,           0.0022785,             0.09596,           0.0012796,          0.00024984,                   0,                   0,                   0,           0.0098614,           0.0098614,           0.0098614
                   8,              3.8187,              4.5633,              5.0354,          0.00058923,             0.17677,          0.00038384,          9.5803e-05,                   0,                   0,                   0,           0.0098614,           0.0098614,           0.0098614
                   9,              3.2257,              3.5506,              4.3465,          5.0505e-05,            0.015152,          2.8942e-05,          2.8942e-06,                   0,                   0,                   0,           0.0098416,           0.0098416,           0.0098416
                  10,               2.604,              2.7091,              3.7173,           0.0034715,             0.76768,           0.0031985,          0.00077136,                   0,                   0,                   0,           0.0098218,           0.0098218,           0.0098218
                  11,              2.3221,              2.2394,              3.1177,            0.014763,             0.75253,            0.014494,           0.0056805,                   0,                   0,                   0,            0.009802,            0.009802,            0.009802
                  12,              2.0532,              1.8293,              2.7679,             0.69763,             0.93939,             0.91105,             0.48728,                   0,                   0,                   0,           0.0097822,           0.0097822,           0.0097822
                  13,              1.8401,              1.5127,              2.4888,              0.9382,             0.84343,             0.91546,             0.58246,                   0,                   0,                   0,           0.0097624,           0.0097624,           0.0097624
                  14,              1.7312,              1.3746,              2.3536,             0.73531,                   1,             0.98932,             0.77972,                   0,                   0,                   0,           0.0097426,           0.0097426,           0.0097426
                  15,              1.5986,              1.1849,              2.1196,             0.87019,              0.9899,             0.98765,             0.68989,                   0,                   0,                   0,           0.0097228,           0.0097228,           0.0097228
                  16,              1.4951,               1.143,               2.008,             0.88279,             0.90404,             0.94381,             0.65218,                   0,                   0,                   0,            0.009703,            0.009703,            0.009703
                  17,              1.3861,              1.0875,              1.9091,             0.95069,             0.97365,             0.99207,             0.71041,                   0,                   0,                   0,           0.0096832,           0.0096832,           0.0096832
                  18,              1.3774,              1.0476,              1.8776,             0.95446,             0.95274,             0.99002,             0.72021,                   0,                   0,                   0,           0.0096634,           0.0096634,           0.0096634
                  19,              1.3238,              0.9512,              1.8324,             0.96232,             0.99495,             0.99395,             0.77088,                   0,                   0,                   0,           0.0096436,           0.0096436,           0.0096436
                  20,              1.2484,             0.91161,              1.7697,             0.93655,                   1,              0.9944,              0.7944,                   0,                   0,                   0,           0.0096238,           0.0096238,           0.0096238
                  21,               1.204,             0.86663,              1.7226,             0.95581,             0.98485,             0.99264,             0.79638,                   0,                   0,                   0,            0.009604,            0.009604,            0.009604
                  22,              1.1709,             0.80431,              1.6803,             0.98818,                   1,             0.99495,             0.72979,                   0,                   0,                   0,           0.0095842,           0.0095842,           0.0095842
                  23,              1.1658,              0.8244,               1.656,                   1,             0.99999,               0.995,             0.74044,                   0,                   0,                   0,           0.0095644,           0.0095644,           0.0095644
                  24,              1.1169,             0.78891,              1.6304,                0.99,             0.99978,              0.9949,             0.85011,                   0,                   0,                   0,           0.0095446,           0.0095446,           0.0095446
                  25,              1.1385,              0.7724,              1.6519,             0.90711,             0.88384,             0.95364,             0.75197,                   0,                   0,                   0,           0.0095248,           0.0095248,           0.0095248
                  26,              1.0836,             0.74826,              1.6152,             0.86528,             0.97314,             0.94536,               0.753,                   0,                   0,                   0,            0.009505,            0.009505,            0.009505
                  27,              1.0638,             0.72324,              1.5876,             0.98303,             0.97475,              0.9921,              0.8114,                   0,                   0,                   0,           0.0094852,           0.0094852,           0.0094852
                  28,              1.0628,             0.69166,              1.5921,             0.99945,                   1,               0.995,             0.85381,                   0,                   0,                   0,           0.0094654,           0.0094654,           0.0094654
                  29,              1.0315,             0.68735,              1.5357,             0.99935,                   1,               0.995,             0.84185,                   0,                   0,                   0,           0.0094456,           0.0094456,           0.0094456
                  30,              1.0323,             0.68403,              1.5145,             0.99382,             0.99495,             0.99495,             0.79167,                   0,                   0,                   0,           0.0094258,           0.0094258,           0.0094258
                  31,              0.9994,             0.64282,              1.4984,                   1,             0.99975,               0.995,             0.83802,                   0,                   0,                   0,            0.009406,            0.009406,            0.009406
                  32,              1.0083,             0.67199,              1.5029,             0.99883,                   1,               0.995,             0.84694,                   0,                   0,                   0,           0.0093862,           0.0093862,           0.0093862
                  33,              0.9646,             0.62584,              1.5065,             0.99885,                   1,               0.995,              0.8671,                   0,                   0,                   0,           0.0093664,           0.0093664,           0.0093664
                  34,             0.97881,             0.64337,              1.4791,             0.99914,                   1,               0.995,             0.85649,                   0,                   0,                   0,           0.0093466,           0.0093466,           0.0093466
                  35,             0.98918,             0.63626,              1.5201,              0.9742,             0.99495,             0.99403,             0.84132,                   0,                   0,                   0,           0.0093268,           0.0093268,           0.0093268
                  36,             0.96929,             0.60626,              1.4674,             0.99905,                   1,               0.995,             0.79526,                   0,                   0,                   0,            0.009307,            0.009307,            0.009307
                  37,             0.93561,             0.59264,              1.4734,             0.99874,                   1,               0.995,             0.78276,                   0,                   0,                   0,           0.0092872,           0.0092872,           0.0092872
                  38,             0.94357,             0.59226,               1.466,             0.99842,                   1,               0.995,             0.86808,                   0,                   0,                   0,           0.0092674,           0.0092674,           0.0092674
                  39,             0.93513,             0.59606,              1.4654,                   1,             0.99891,               0.995,             0.85166,                   0,                   0,                   0,           0.0092476,           0.0092476,           0.0092476
                  40,             0.96073,             0.60462,              1.4462,             0.99496,                   1,               0.995,             0.87426,                   0,                   0,                   0,           0.0092278,           0.0092278,           0.0092278
                  41,             0.93596,             0.57923,              1.4675,             0.99932,                   1,               0.995,             0.86077,                   0,                   0,                   0,            0.009208,            0.009208,            0.009208
                  42,             0.92885,             0.57676,              1.4497,             0.99946,                   1,               0.995,             0.86914,                   0,                   0,                   0,           0.0091882,           0.0091882,           0.0091882
                  43,             0.92624,              0.5834,               1.448,             0.99869,                   1,               0.995,             0.87105,                   0,                   0,                   0,           0.0091684,           0.0091684,           0.0091684
                  44,             0.90516,             0.55709,              1.4186,             0.99935,                   1,               0.995,             0.86632,                   0,                   0,                   0,           0.0091486,           0.0091486,           0.0091486
                  45,             0.89358,             0.55244,                1.43,             0.98986,             0.98632,              0.9948,             0.83953,                   0,                   0,                   0,           0.0091288,           0.0091288,           0.0091288
                  46,             0.86823,             0.54591,              1.4094,             0.99962,                   1,               0.995,             0.88144,                   0,                   0,                   0,            0.009109,            0.009109,            0.009109
                  47,             0.84866,             0.52164,              1.4186,             0.99947,                   1,               0.995,             0.83203,                   0,                   0,                   0,           0.0090892,           0.0090892,           0.0090892
                  48,             0.88232,             0.54018,              1.4298,             0.99966,                   1,               0.995,             0.89446,                   0,                   0,                   0,           0.0090694,           0.0090694,           0.0090694
                  49,             0.90086,              0.5667,               1.416,             0.99449,                   1,               0.995,             0.87335,                   0,                   0,                   0,           0.0090496,           0.0090496,           0.0090496
                  50,             0.86167,             0.53562,              1.3991,             0.99929,                   1,               0.995,              0.8962,                   0,                   0,                   0,           0.0090298,           0.0090298,           0.0090298
                  51,             0.87524,             0.53651,              1.4117,             0.99935,                   1,               0.995,             0.87323,                   0,                   0,                   0,             0.00901,             0.00901,             0.00901
                  52,             0.86305,             0.54061,              1.4185,             0.99937,                   1,               0.995,             0.86758,                   0,                   0,                   0,           0.0089902,           0.0089902,           0.0089902
                  53,             0.85221,             0.52854,              1.3879,             0.99935,                   1,               0.995,             0.84489,                   0,                   0,                   0,           0.0089704,           0.0089704,           0.0089704
                  54,             0.83447,             0.50521,              1.3898,             0.99489,             0.98289,              0.9947,             0.86021,                   0,                   0,                   0,           0.0089506,           0.0089506,           0.0089506
                  55,             0.83982,             0.51034,              1.3767,             0.98307,             0.98485,              0.9947,             0.88243,                   0,                   0,                   0,           0.0089308,           0.0089308,           0.0089308
                  56,             0.85591,             0.52742,              1.4119,             0.99921,                   1,               0.995,             0.88894,                   0,                   0,                   0,            0.008911,            0.008911,            0.008911
                  57,             0.83782,             0.50271,              1.3817,             0.99831,                   1,               0.995,             0.88832,                   0,                   0,                   0,           0.0088912,           0.0088912,           0.0088912
                  58,             0.81991,             0.51083,               1.387,                   1,             0.99954,               0.995,             0.89014,                   0,                   0,                   0,           0.0088714,           0.0088714,           0.0088714
                  59,              0.8234,             0.51081,              1.3641,             0.99955,                   1,               0.995,             0.87522,                   0,                   0,                   0,           0.0088516,           0.0088516,           0.0088516
                  60,             0.84711,             0.51214,              1.3999,             0.99966,                   1,               0.995,             0.89014,                   0,                   0,                   0,           0.0088318,           0.0088318,           0.0088318
                  61,             0.80869,             0.49009,              1.3709,             0.99936,                   1,               0.995,             0.88814,                   0,                   0,                   0,            0.008812,            0.008812,            0.008812
                  62,             0.80747,              0.5007,              1.3775,             0.99926,                   1,               0.995,             0.87379,                   0,                   0,                   0,           0.0087922,           0.0087922,           0.0087922
                  63,             0.85013,             0.50005,              1.3761,             0.99945,                   1,               0.995,              0.8609,                   0,                   0,                   0,           0.0087724,           0.0087724,           0.0087724
                  64,             0.82957,             0.49849,              1.3681,             0.99944,                   1,               0.995,             0.88287,                   0,                   0,                   0,           0.0087526,           0.0087526,           0.0087526
                  65,             0.81006,              0.4742,               1.338,              0.9994,                   1,               0.995,             0.88318,                   0,                   0,                   0,           0.0087328,           0.0087328,           0.0087328
                  66,             0.82775,             0.48914,              1.3691,             0.99958,                   1,               0.995,             0.90041,                   0,                   0,                   0,            0.008713,            0.008713,            0.008713
                  67,             0.81394,             0.47968,              1.3594,             0.99923,                   1,               0.995,             0.86498,                   0,                   0,                   0,           0.0086932,           0.0086932,           0.0086932
                  68,             0.80245,             0.48058,              1.3686,              0.9991,                   1,               0.995,             0.87305,                   0,                   0,                   0,           0.0086734,           0.0086734,           0.0086734
                  69,             0.78968,             0.45874,              1.3418,             0.99962,                   1,               0.995,             0.88489,                   0,                   0,                   0,           0.0086536,           0.0086536,           0.0086536
                  70,             0.81023,             0.48999,              1.3825,             0.99951,                   1,               0.995,             0.85832,                   0,                   0,                   0,           0.0086338,           0.0086338,           0.0086338
                  71,             0.78528,             0.46411,              1.3564,             0.99812,                   1,               0.995,             0.87821,                   0,                   0,                   0,            0.008614,            0.008614,            0.008614
                  72,             0.83075,             0.49124,              1.3874,             0.99935,                   1,               0.995,             0.87391,                   0,                   0,                   0,           0.0085942,           0.0085942,           0.0085942
                  73,             0.78634,             0.46944,              1.3317,             0.99924,                   1,               0.995,              0.8654,                   0,                   0,                   0,           0.0085744,           0.0085744,           0.0085744
                  74,             0.78974,             0.46556,              1.3491,             0.99941,                   1,               0.995,             0.86365,                   0,                   0,                   0,           0.0085546,           0.0085546,           0.0085546
                  75,             0.77962,             0.45891,              1.3606,             0.99814,                   1,               0.995,              0.8726,                   0,                   0,                   0,           0.0085348,           0.0085348,           0.0085348
                  76,             0.74887,             0.44636,               1.309,             0.99157,             0.99495,               0.995,             0.85802,                   0,                   0,                   0,            0.008515,            0.008515,            0.008515
                  77,             0.79378,             0.47039,              1.3566,             0.99961,                   1,               0.995,             0.88817,                   0,                   0,                   0,           0.0084952,           0.0084952,           0.0084952
                  78,             0.77198,             0.45896,              1.3239,             0.99972,                   1,               0.995,             0.89394,                   0,                   0,                   0,           0.0084754,           0.0084754,           0.0084754
                  79,             0.75401,             0.44611,              1.3321,             0.99958,                   1,               0.995,             0.85492,                   0,                   0,                   0,           0.0084556,           0.0084556,           0.0084556
                  80,             0.75169,             0.44923,              1.3275,             0.99945,                   1,               0.995,             0.87992,                   0,                   0,                   0,           0.0084358,           0.0084358,           0.0084358
                  81,             0.75502,             0.44901,              1.3277,             0.99938,                   1,               0.995,             0.88215,                   0,                   0,                   0,            0.008416,            0.008416,            0.008416
                  82,             0.77203,             0.45991,              1.3321,             0.99905,                   1,               0.995,             0.86911,                   0,                   0,                   0,           0.0083962,           0.0083962,           0.0083962
                  83,             0.74817,             0.45512,              1.3308,             0.99967,                   1,               0.995,             0.88435,                   0,                   0,                   0,           0.0083764,           0.0083764,           0.0083764
                  84,             0.76918,             0.44345,              1.3251,             0.99963,                   1,               0.995,             0.87108,                   0,                   0,                   0,           0.0083566,           0.0083566,           0.0083566
                  85,             0.76019,             0.45304,              1.3058,             0.99951,                   1,               0.995,             0.88601,                   0,                   0,                   0,           0.0083368,           0.0083368,           0.0083368
                  86,             0.74437,             0.44387,              1.3105,             0.99965,                   1,               0.995,             0.88769,                   0,                   0,                   0,            0.008317,            0.008317,            0.008317
                  87,             0.76729,             0.45759,              1.3146,             0.99929,                   1,               0.995,             0.88418,                   0,                   0,                   0,           0.0082972,           0.0082972,           0.0082972
                  88,             0.77638,             0.45089,              1.3342,             0.99737,                   1,               0.995,              0.8787,                   0,                   0,                   0,           0.0082774,           0.0082774,           0.0082774
                  89,             0.72199,             0.43015,              1.2936,             0.99898,                   1,               0.995,             0.88696,                   0,                   0,                   0,           0.0082576,           0.0082576,           0.0082576
                  90,             0.74533,             0.43738,              1.3227,             0.99939,                   1,               0.995,             0.89404,                   0,                   0,                   0,           0.0082378,           0.0082378,           0.0082378
                  91,             0.73685,             0.44648,              1.3167,             0.99971,                   1,               0.995,             0.87903,                   0,                   0,                   0,            0.008218,            0.008218,            0.008218
                  92,              0.7706,              0.4511,              1.3413,                   1,             0.99962,               0.995,             0.88526,                   0,                   0,                   0,           0.0081982,           0.0081982,           0.0081982
                  93,             0.74525,             0.44453,              1.3216,             0.99914,                   1,               0.995,             0.88783,                   0,                   0,                   0,           0.0081784,           0.0081784,           0.0081784
                  94,             0.74482,             0.43421,              1.3026,              0.9994,                   1,               0.995,             0.86494,                   0,                   0,                   0,           0.0081586,           0.0081586,           0.0081586
                  95,             0.73883,             0.42965,               1.317,             0.99962,                   1,               0.995,             0.86559,                   0,                   0,                   0,           0.0081388,           0.0081388,           0.0081388
                  96,             0.74526,             0.42864,              1.2929,              0.9993,                   1,               0.995,             0.88533,                   0,                   0,                   0,            0.008119,            0.008119,            0.008119
                  97,             0.72123,             0.42688,              1.3096,             0.99958,                   1,               0.995,             0.88885,                   0,                   0,                   0,           0.0080992,           0.0080992,           0.0080992
                  98,             0.72059,             0.40971,              1.3055,             0.99965,                   1,               0.995,             0.87465,                   0,                   0,                   0,           0.0080794,           0.0080794,           0.0080794
                  99,             0.73763,             0.42625,              1.3269,             0.99964,                   1,               0.995,             0.89207,                   0,                   0,                   0,           0.0080596,           0.0080596,           0.0080596
                 100,             0.69395,             0.41746,              1.2923,             0.99948,                   1,               0.995,             0.88886,                   0,                   0,                   0,           0.0080398,           0.0080398,           0.0080398
                 101,             0.73283,              0.4338,              1.3089,             0.99969,                   1,               0.995,             0.89291,                   0,                   0,                   0,             0.00802,             0.00802,             0.00802
                 102,              0.7268,             0.43585,              1.3086,             0.99969,                   1,               0.995,             0.89182,                   0,                   0,                   0,           0.0080002,           0.0080002,           0.0080002
                 103,             0.74199,             0.42868,              1.3072,             0.99968,                   1,               0.995,             0.89436,                   0,                   0,                   0,           0.0079804,           0.0079804,           0.0079804
                 104,             0.73333,              0.4337,              1.3095,             0.99911,                   1,               0.995,             0.87171,                   0,                   0,                   0,           0.0079606,           0.0079606,           0.0079606
                 105,             0.72893,             0.41851,              1.3046,              0.9996,                   1,               0.995,             0.86553,                   0,                   0,                   0,           0.0079408,           0.0079408,           0.0079408
                 106,             0.72659,             0.42769,              1.3129,             0.99968,                   1,               0.995,              0.8861,                   0,                   0,                   0,            0.007921,            0.007921,            0.007921
                 107,             0.71904,             0.41781,              1.3016,             0.99936,                   1,               0.995,             0.88936,                   0,                   0,                   0,           0.0079012,           0.0079012,           0.0079012
                 108,             0.72647,             0.42671,              1.3321,             0.99936,                   1,               0.995,             0.88895,                   0,                   0,                   0,           0.0078814,           0.0078814,           0.0078814
                 109,             0.73341,             0.42098,              1.2959,             0.99959,                   1,               0.995,             0.87994,                   0,                   0,                   0,           0.0078616,           0.0078616,           0.0078616
                 110,             0.72363,              0.4136,              1.2977,             0.99966,                   1,               0.995,             0.89741,                   0,                   0,                   0,           0.0078418,           0.0078418,           0.0078418
                 111,             0.73535,             0.42374,              1.3089,             0.99926,                   1,               0.995,             0.86702,                   0,                   0,                   0,            0.007822,            0.007822,            0.007822
                 112,             0.72275,             0.42343,               1.305,             0.99916,                   1,               0.995,             0.88783,                   0,                   0,                   0,           0.0078022,           0.0078022,           0.0078022
                 113,             0.70286,             0.41943,              1.3038,             0.99941,                   1,               0.995,             0.89159,                   0,                   0,                   0,           0.0077824,           0.0077824,           0.0077824
                 114,             0.72075,             0.41913,              1.2919,             0.99964,                   1,               0.995,             0.89649,                   0,                   0,                   0,           0.0077626,           0.0077626,           0.0077626
                 115,             0.68625,             0.40934,              1.2968,             0.99964,                   1,               0.995,             0.89659,                   0,                   0,                   0,           0.0077428,           0.0077428,           0.0077428
                 116,             0.68994,             0.41254,              1.2791,             0.99933,                   1,               0.995,             0.89451,                   0,                   0,                   0,            0.007723,            0.007723,            0.007723
                 117,             0.72773,             0.42468,              1.2982,             0.99964,                   1,               0.995,             0.88957,                   0,                   0,                   0,           0.0077032,           0.0077032,           0.0077032
                 118,             0.68734,             0.40092,              1.2744,              0.9993,                   1,               0.995,             0.89575,                   0,                   0,                   0,           0.0076834,           0.0076834,           0.0076834
                 119,             0.72654,             0.41955,              1.3203,             0.99965,                   1,               0.995,              0.8993,                   0,                   0,                   0,           0.0076636,           0.0076636,           0.0076636
                 120,             0.69861,              0.4077,              1.2681,             0.99964,                   1,               0.995,             0.90296,                   0,                   0,                   0,           0.0076438,           0.0076438,           0.0076438
                 121,             0.72781,             0.42799,              1.2929,             0.99949,                   1,               0.995,             0.88098,                   0,                   0,                   0,            0.007624,            0.007624,            0.007624
                 122,             0.70118,             0.40481,              1.2925,              0.9995,                   1,               0.995,             0.87808,                   0,                   0,                   0,           0.0076042,           0.0076042,           0.0076042
                 123,             0.71825,              0.4067,              1.3115,             0.99965,                   1,               0.995,             0.89438,                   0,                   0,                   0,           0.0075844,           0.0075844,           0.0075844
                 124,             0.71627,             0.40464,              1.2933,             0.99961,                   1,               0.995,             0.89192,                   0,                   0,                   0,           0.0075646,           0.0075646,           0.0075646
                 125,              0.6927,             0.40403,              1.3026,             0.99966,                   1,               0.995,             0.89135,                   0,                   0,                   0,           0.0075448,           0.0075448,           0.0075448
                 126,             0.68936,              0.4019,              1.2869,             0.99942,                   1,               0.995,             0.88262,                   0,                   0,                   0,            0.007525,            0.007525,            0.007525
                 127,             0.70455,             0.40428,              1.2824,              0.9997,                   1,               0.995,             0.90102,                   0,                   0,                   0,           0.0075052,           0.0075052,           0.0075052
                 128,              0.7039,             0.40275,              1.2865,             0.99964,                   1,               0.995,              0.8962,                   0,                   0,                   0,           0.0074854,           0.0074854,           0.0074854
                 129,             0.69292,             0.39809,              1.2711,             0.99956,                   1,               0.995,             0.89862,                   0,                   0,                   0,           0.0074656,           0.0074656,           0.0074656
                 130,             0.65673,               0.395,              1.2701,             0.99968,                   1,               0.995,             0.88815,                   0,                   0,                   0,           0.0074458,           0.0074458,           0.0074458
                 131,             0.68386,               0.401,              1.2718,             0.99959,                   1,               0.995,             0.90519,                   0,                   0,                   0,            0.007426,            0.007426,            0.007426
                 132,             0.67489,             0.39319,              1.2683,             0.99959,                   1,               0.995,             0.89014,                   0,                   0,                   0,           0.0074062,           0.0074062,           0.0074062
                 133,             0.67752,             0.38948,              1.2869,             0.99966,                   1,               0.995,             0.89551,                   0,                   0,                   0,           0.0073864,           0.0073864,           0.0073864
                 134,             0.69032,             0.39833,              1.2953,             0.99968,                   1,               0.995,             0.89822,                   0,                   0,                   0,           0.0073666,           0.0073666,           0.0073666
                 135,             0.69979,             0.40271,              1.2872,             0.99965,                   1,               0.995,              0.9022,                   0,                   0,                   0,           0.0073468,           0.0073468,           0.0073468
                 136,             0.68652,             0.39123,              1.2854,             0.99873,                   1,               0.995,             0.89103,                   0,                   0,                   0,            0.007327,            0.007327,            0.007327
                 137,             0.67347,             0.39035,              1.2768,             0.99887,                   1,               0.995,              0.9019,                   0,                   0,                   0,           0.0073072,           0.0073072,           0.0073072
                 138,             0.68202,             0.38999,               1.292,             0.99923,                   1,               0.995,             0.89665,                   0,                   0,                   0,           0.0072874,           0.0072874,           0.0072874
                 139,              0.6873,              0.4039,              1.2843,             0.99947,                   1,               0.995,             0.89779,                   0,                   0,                   0,           0.0072676,           0.0072676,           0.0072676
                 140,             0.67847,             0.39267,              1.2914,             0.99958,                   1,               0.995,             0.90017,                   0,                   0,                   0,           0.0072478,           0.0072478,           0.0072478
                 141,             0.67566,             0.38672,              1.2686,             0.99937,                   1,               0.995,             0.88417,                   0,                   0,                   0,            0.007228,            0.007228,            0.007228
                 142,             0.67467,             0.38366,              1.2809,             0.99966,                   1,               0.995,             0.87281,                   0,                   0,                   0,           0.0072082,           0.0072082,           0.0072082
                 143,             0.68386,             0.39339,              1.2563,             0.99906,                   1,               0.995,             0.88785,                   0,                   0,                   0,           0.0071884,           0.0071884,           0.0071884
                 144,             0.67292,             0.38513,               1.274,             0.99937,                   1,               0.995,             0.88649,                   0,                   0,                   0,           0.0071686,           0.0071686,           0.0071686
                 145,             0.68773,             0.39035,              1.2766,             0.99959,                   1,               0.995,             0.89003,                   0,                   0,                   0,           0.0071488,           0.0071488,           0.0071488
                 146,             0.67686,             0.38071,              1.2796,             0.99971,                   1,               0.995,               0.888,                   0,                   0,                   0,            0.007129,            0.007129,            0.007129
                 147,             0.67688,               0.385,              1.2676,             0.99962,                   1,               0.995,             0.90368,                   0,                   0,                   0,           0.0071092,           0.0071092,           0.0071092
                 148,             0.66737,             0.38438,              1.2613,             0.99959,                   1,               0.995,             0.88571,                   0,                   0,                   0,           0.0070894,           0.0070894,           0.0070894
                 149,             0.66237,             0.38419,              1.2617,             0.99968,                   1,               0.995,             0.90453,                   0,                   0,                   0,           0.0070696,           0.0070696,           0.0070696
                 150,             0.65028,             0.38249,              1.2699,             0.99969,                   1,               0.995,             0.89625,                   0,                   0,                   0,           0.0070498,           0.0070498,           0.0070498
                 151,              0.6727,             0.38187,              1.2749,              0.9997,                   1,               0.995,             0.91001,                   0,                   0,                   0,             0.00703,             0.00703,             0.00703
                 152,             0.65842,             0.38066,              1.2713,             0.99951,                   1,               0.995,             0.88704,                   0,                   0,                   0,           0.0070102,           0.0070102,           0.0070102
                 153,             0.67162,             0.38304,              1.2752,             0.99956,                   1,               0.995,             0.87685,                   0,                   0,                   0,           0.0069904,           0.0069904,           0.0069904
                 154,              0.6484,             0.37483,               1.258,              0.9996,                   1,               0.995,             0.89437,                   0,                   0,                   0,           0.0069706,           0.0069706,           0.0069706
                 155,             0.66609,             0.38872,              1.2884,             0.99958,                   1,               0.995,             0.89716,                   0,                   0,                   0,           0.0069508,           0.0069508,           0.0069508
                 156,             0.67901,             0.39263,              1.2582,             0.99969,                   1,               0.995,             0.91372,                   0,                   0,                   0,            0.006931,            0.006931,            0.006931
                 157,             0.66502,              0.3807,              1.2603,             0.99969,                   1,               0.995,             0.90745,                   0,                   0,                   0,           0.0069112,           0.0069112,           0.0069112
                 158,             0.67814,               0.392,              1.2873,             0.99952,                   1,               0.995,             0.89932,                   0,                   0,                   0,           0.0068914,           0.0068914,           0.0068914
                 159,             0.67715,             0.38553,              1.2675,             0.99971,                   1,               0.995,             0.92027,                   0,                   0,                   0,           0.0068716,           0.0068716,           0.0068716
                 160,             0.64573,             0.37064,              1.2515,              0.9997,                   1,               0.995,             0.89914,                   0,                   0,                   0,           0.0068518,           0.0068518,           0.0068518
                 161,             0.64672,              0.3684,              1.2462,             0.99969,                   1,               0.995,             0.89739,                   0,                   0,                   0,            0.006832,            0.006832,            0.006832
                 162,             0.67179,             0.38696,              1.2558,              0.9997,                   1,               0.995,             0.89917,                   0,                   0,                   0,           0.0068122,           0.0068122,           0.0068122
                 163,             0.65721,             0.37313,              1.2618,             0.99957,                   1,               0.995,              0.9008,                   0,                   0,                   0,           0.0067924,           0.0067924,           0.0067924
                 164,             0.65275,             0.37312,               1.256,             0.99966,                   1,               0.995,              0.8967,                   0,                   0,                   0,           0.0067726,           0.0067726,           0.0067726
                 165,             0.65741,             0.36911,              1.2488,             0.99956,                   1,               0.995,             0.89287,                   0,                   0,                   0,           0.0067528,           0.0067528,           0.0067528
                 166,             0.65349,             0.37235,              1.2657,             0.99963,                   1,               0.995,             0.87169,                   0,                   0,                   0,            0.006733,            0.006733,            0.006733
                 167,             0.64611,             0.37326,              1.2752,             0.99951,                   1,               0.995,             0.86852,                   0,                   0,                   0,           0.0067132,           0.0067132,           0.0067132
                 168,             0.65181,             0.37637,              1.2637,             0.99964,                   1,               0.995,             0.89657,                   0,                   0,                   0,           0.0066934,           0.0066934,           0.0066934
                 169,             0.64427,             0.36878,              1.2678,             0.99968,                   1,               0.995,             0.89428,                   0,                   0,                   0,           0.0066736,           0.0066736,           0.0066736
                 170,             0.65502,             0.37383,              1.2482,             0.99963,                   1,               0.995,             0.88268,                   0,                   0,                   0,           0.0066538,           0.0066538,           0.0066538
                 171,              0.6408,              0.3754,              1.2631,             0.99943,                   1,               0.995,             0.89404,                   0,                   0,                   0,            0.006634,            0.006634,            0.006634
                 172,             0.65615,             0.36675,              1.2576,             0.99965,                   1,               0.995,             0.89736,                   0,                   0,                   0,           0.0066142,           0.0066142,           0.0066142
                 173,             0.62734,             0.35622,              1.2509,             0.99967,                   1,               0.995,             0.89561,                   0,                   0,                   0,           0.0065944,           0.0065944,           0.0065944
                 174,             0.63352,             0.36056,              1.2409,             0.99967,                   1,               0.995,             0.88988,                   0,                   0,                   0,           0.0065746,           0.0065746,           0.0065746
                 175,             0.64105,              0.3581,              1.2496,             0.99969,                   1,               0.995,             0.88359,                   0,                   0,                   0,           0.0065548,           0.0065548,           0.0065548
                 176,             0.66149,             0.37985,               1.255,             0.99959,                   1,               0.995,             0.90932,                   0,                   0,                   0,            0.006535,            0.006535,            0.006535
                 177,             0.62244,             0.35388,              1.2317,             0.99927,                   1,               0.995,             0.89874,                   0,                   0,                   0,           0.0065152,           0.0065152,           0.0065152
                 178,             0.62238,             0.35054,              1.2229,             0.99968,                   1,               0.995,             0.90852,                   0,                   0,                   0,           0.0064954,           0.0064954,           0.0064954
                 179,              0.6256,             0.35747,              1.2423,             0.99915,                   1,               0.995,             0.88987,                   0,                   0,                   0,           0.0064756,           0.0064756,           0.0064756
                 180,             0.65234,             0.37101,              1.2544,             0.99958,                   1,               0.995,             0.89904,                   0,                   0,                   0,           0.0064558,           0.0064558,           0.0064558
                 181,             0.63727,             0.35891,              1.2522,              0.9996,                   1,               0.995,             0.89291,                   0,                   0,                   0,            0.006436,            0.006436,            0.006436
                 182,             0.64804,             0.36757,              1.2574,             0.99967,                   1,               0.995,             0.89904,                   0,                   0,                   0,           0.0064162,           0.0064162,           0.0064162
                 183,             0.62966,             0.36291,              1.2397,             0.99966,                   1,               0.995,             0.90328,                   0,                   0,                   0,           0.0063964,           0.0063964,           0.0063964
                 184,             0.63143,             0.35671,              1.2404,             0.99971,                   1,               0.995,             0.89064,                   0,                   0,                   0,           0.0063766,           0.0063766,           0.0063766
                 185,             0.64395,             0.36646,              1.2687,             0.99957,                   1,               0.995,             0.89049,                   0,                   0,                   0,           0.0063568,           0.0063568,           0.0063568
                 186,              0.6448,             0.36144,              1.2616,             0.99965,                   1,               0.995,             0.89625,                   0,                   0,                   0,            0.006337,            0.006337,            0.006337
                 187,             0.61738,             0.34994,              1.2557,             0.99967,                   1,               0.995,             0.89568,                   0,                   0,                   0,           0.0063172,           0.0063172,           0.0063172
                 188,             0.62118,             0.34841,              1.2338,             0.99874,                   1,               0.995,             0.90479,                   0,                   0,                   0,           0.0062974,           0.0062974,           0.0062974
                 189,             0.62324,             0.35506,              1.2693,              0.9994,                   1,               0.995,             0.89002,                   0,                   0,                   0,           0.0062776,           0.0062776,           0.0062776
                 190,             0.62909,             0.35355,              1.2376,             0.99897,                   1,               0.995,             0.89581,                   0,                   0,                   0,           0.0062578,           0.0062578,           0.0062578
                 191,             0.60971,             0.34999,               1.226,             0.99965,                   1,               0.995,              0.9104,                   0,                   0,                   0,            0.006238,            0.006238,            0.006238
                 192,             0.63306,             0.35295,               1.257,             0.99972,                   1,               0.995,             0.90115,                   0,                   0,                   0,           0.0062182,           0.0062182,           0.0062182
                 193,             0.61149,             0.34325,              1.2383,             0.99944,                   1,               0.995,             0.88782,                   0,                   0,                   0,           0.0061984,           0.0061984,           0.0061984
                 194,             0.62494,             0.35238,              1.2354,             0.99917,                   1,               0.995,             0.89127,                   0,                   0,                   0,           0.0061786,           0.0061786,           0.0061786
                 195,             0.62659,             0.35686,              1.2448,             0.99949,                   1,               0.995,             0.89389,                   0,                   0,                   0,           0.0061588,           0.0061588,           0.0061588
                 196,             0.61093,             0.34609,              1.2344,              0.9997,                   1,               0.995,             0.91693,                   0,                   0,                   0,            0.006139,            0.006139,            0.006139
                 197,             0.62644,              0.3541,              1.2391,             0.99964,                   1,               0.995,             0.91012,                   0,                   0,                   0,           0.0061192,           0.0061192,           0.0061192
                 198,             0.62076,             0.35032,              1.2427,             0.99971,                   1,               0.995,             0.89815,                   0,                   0,                   0,           0.0060994,           0.0060994,           0.0060994
                 199,             0.63879,             0.36183,              1.2552,             0.99971,                   1,               0.995,             0.89543,                   0,                   0,                   0,           0.0060796,           0.0060796,           0.0060796
                 200,             0.63041,             0.35428,              1.2557,             0.99965,                   1,               0.995,             0.89889,                   0,                   0,                   0,           0.0060598,           0.0060598,           0.0060598
                 201,             0.62232,             0.35302,              1.2386,             0.99945,                   1,               0.995,             0.90477,                   0,                   0,                   0,             0.00604,             0.00604,             0.00604
                 202,             0.59719,             0.34123,              1.2229,             0.99965,                   1,               0.995,              0.9018,                   0,                   0,                   0,           0.0060202,           0.0060202,           0.0060202
                 203,             0.60383,             0.34349,              1.2318,              0.9997,                   1,               0.995,              0.9021,                   0,                   0,                   0,           0.0060004,           0.0060004,           0.0060004
                 204,             0.61351,             0.34789,              1.2334,             0.99972,                   1,               0.995,             0.90084,                   0,                   0,                   0,           0.0059806,           0.0059806,           0.0059806
                 205,             0.61506,             0.35593,              1.2348,             0.99957,                   1,               0.995,             0.89461,                   0,                   0,                   0,           0.0059608,           0.0059608,           0.0059608
                 206,             0.63209,             0.35409,              1.2415,              0.9997,                   1,               0.995,             0.88718,                   0,                   0,                   0,            0.005941,            0.005941,            0.005941
                 207,             0.58781,              0.3328,              1.2133,             0.99969,                   1,               0.995,             0.90382,                   0,                   0,                   0,           0.0059212,           0.0059212,           0.0059212
                 208,             0.62109,             0.35118,               1.234,             0.99969,                   1,               0.995,             0.89437,                   0,                   0,                   0,           0.0059014,           0.0059014,           0.0059014
                 209,             0.60709,             0.34164,              1.2182,              0.9994,                   1,               0.995,             0.89806,                   0,                   0,                   0,           0.0058816,           0.0058816,           0.0058816
                 210,             0.60116,             0.34762,              1.2283,             0.99944,                   1,               0.995,             0.88574,                   0,                   0,                   0,           0.0058618,           0.0058618,           0.0058618
                 211,             0.61826,             0.34869,              1.2267,             0.99967,                   1,               0.995,             0.90084,                   0,                   0,                   0,            0.005842,            0.005842,            0.005842
                 212,             0.59705,             0.33549,              1.2262,             0.99968,                   1,               0.995,              0.8895,                   0,                   0,                   0,           0.0058222,           0.0058222,           0.0058222
                 213,             0.60474,             0.33808,              1.2402,             0.99949,                   1,               0.995,              0.9101,                   0,                   0,                   0,           0.0058024,           0.0058024,           0.0058024
                 214,             0.60977,             0.34142,              1.2311,             0.99971,                   1,               0.995,             0.90493,                   0,                   0,                   0,           0.0057826,           0.0057826,           0.0057826
                 215,             0.59522,             0.33761,              1.2332,             0.99965,                   1,               0.995,             0.89437,                   0,                   0,                   0,           0.0057628,           0.0057628,           0.0057628
                 216,             0.61456,             0.34361,              1.2235,             0.99969,                   1,               0.995,             0.87502,                   0,                   0,                   0,            0.005743,            0.005743,            0.005743
                 217,             0.60392,             0.33651,              1.2263,             0.99968,                   1,               0.995,             0.88744,                   0,                   0,                   0,           0.0057232,           0.0057232,           0.0057232
                 218,             0.59018,             0.33162,              1.2263,             0.99963,                   1,               0.995,             0.90856,                   0,                   0,                   0,           0.0057034,           0.0057034,           0.0057034
                 219,              0.6108,             0.34532,              1.2334,             0.99855,                   1,               0.995,             0.89482,                   0,                   0,                   0,           0.0056836,           0.0056836,           0.0056836
                 220,             0.62081,             0.35176,              1.2484,             0.99885,                   1,               0.995,             0.90948,                   0,                   0,                   0,           0.0056638,           0.0056638,           0.0056638
                 221,             0.60235,              0.3375,              1.2184,                   1,             0.99936,               0.995,             0.89776,                   0,                   0,                   0,            0.005644,            0.005644,            0.005644
                 222,             0.59066,             0.33627,              1.2255,             0.99966,                   1,               0.995,             0.89149,                   0,                   0,                   0,           0.0056242,           0.0056242,           0.0056242
                 223,             0.60448,             0.33768,              1.2206,              0.9995,                   1,               0.995,             0.89785,                   0,                   0,                   0,           0.0056044,           0.0056044,           0.0056044
                 224,             0.60126,             0.33429,              1.2235,             0.99949,                   1,               0.995,             0.90337,                   0,                   0,                   0,           0.0055846,           0.0055846,           0.0055846
                 225,             0.58572,             0.32766,              1.2267,             0.99969,                   1,               0.995,             0.90996,                   0,                   0,                   0,           0.0055648,           0.0055648,           0.0055648
                 226,             0.59214,             0.33305,              1.2327,             0.99971,                   1,               0.995,             0.90198,                   0,                   0,                   0,            0.005545,            0.005545,            0.005545
                 227,             0.61251,             0.33932,              1.2345,             0.99971,                   1,               0.995,             0.89625,                   0,                   0,                   0,           0.0055252,           0.0055252,           0.0055252
                 228,             0.60385,             0.33314,              1.2288,             0.99967,                   1,               0.995,             0.90336,                   0,                   0,                   0,           0.0055054,           0.0055054,           0.0055054
                 229,             0.61654,             0.34326,              1.2352,             0.99967,                   1,               0.995,             0.90116,                   0,                   0,                   0,           0.0054856,           0.0054856,           0.0054856
                 230,              0.5977,             0.32781,              1.2203,             0.99968,                   1,               0.995,             0.87985,                   0,                   0,                   0,           0.0054658,           0.0054658,           0.0054658
                 231,             0.60829,              0.3404,              1.2403,             0.99961,                   1,               0.995,               0.902,                   0,                   0,                   0,            0.005446,            0.005446,            0.005446
                 232,              0.6038,             0.33868,               1.221,              0.9994,                   1,               0.995,             0.90097,                   0,                   0,                   0,           0.0054262,           0.0054262,           0.0054262
                 233,             0.59106,             0.33429,              1.2213,             0.99967,                   1,               0.995,             0.88747,                   0,                   0,                   0,           0.0054064,           0.0054064,           0.0054064
                 234,             0.59587,             0.32967,                1.21,              0.9993,                   1,               0.995,             0.90605,                   0,                   0,                   0,           0.0053866,           0.0053866,           0.0053866
                 235,              0.5905,             0.32615,              1.2094,             0.99961,                   1,               0.995,             0.90596,                   0,                   0,                   0,           0.0053668,           0.0053668,           0.0053668
                 236,             0.60668,             0.33814,              1.2386,             0.99912,                   1,               0.995,             0.90197,                   0,                   0,                   0,            0.005347,            0.005347,            0.005347
                 237,             0.58246,             0.32349,              1.2228,             0.99943,                   1,               0.995,             0.89601,                   0,                   0,                   0,           0.0053272,           0.0053272,           0.0053272
                 238,             0.57496,             0.32898,              1.2128,             0.99964,                   1,               0.995,             0.89015,                   0,                   0,                   0,           0.0053074,           0.0053074,           0.0053074
                 239,             0.59475,             0.33427,              1.2072,             0.99964,                   1,               0.995,             0.89489,                   0,                   0,                   0,           0.0052876,           0.0052876,           0.0052876
                 240,             0.59104,             0.33227,              1.2243,             0.99954,                   1,               0.995,             0.89945,                   0,                   0,                   0,           0.0052678,           0.0052678,           0.0052678
                 241,             0.57426,             0.32971,              1.2123,              0.9997,                   1,               0.995,             0.90461,                   0,                   0,                   0,            0.005248,            0.005248,            0.005248
                 242,             0.57673,             0.32645,              1.2187,             0.99965,                   1,               0.995,              0.9019,                   0,                   0,                   0,           0.0052282,           0.0052282,           0.0052282
                 243,             0.58391,             0.33243,              1.2186,             0.99886,                   1,               0.995,             0.89661,                   0,                   0,                   0,           0.0052084,           0.0052084,           0.0052084
                 244,             0.58577,             0.32802,              1.2158,             0.99958,                   1,               0.995,             0.90836,                   0,                   0,                   0,           0.0051886,           0.0051886,           0.0051886
                 245,             0.58174,             0.32132,              1.2018,             0.99963,                   1,               0.995,             0.90455,                   0,                   0,                   0,           0.0051688,           0.0051688,           0.0051688
                 246,             0.58346,             0.32902,              1.2104,             0.99958,                   1,               0.995,              0.9013,                   0,                   0,                   0,            0.005149,            0.005149,            0.005149
                 247,             0.58429,             0.32926,              1.2293,             0.99932,                   1,               0.995,             0.90442,                   0,                   0,                   0,           0.0051292,           0.0051292,           0.0051292
                 248,              0.5745,             0.31843,              1.2044,             0.99837,                   1,               0.995,             0.89369,                   0,                   0,                   0,           0.0051094,           0.0051094,           0.0051094
                 249,             0.59076,             0.32576,              1.2208,             0.99962,                   1,               0.995,             0.90151,                   0,                   0,                   0,           0.0050896,           0.0050896,           0.0050896
                 250,             0.57131,             0.31129,               1.207,              0.9997,                   1,               0.995,             0.90452,                   0,                   0,                   0,           0.0050698,           0.0050698,           0.0050698
                 251,             0.57251,             0.32066,              1.2167,             0.99972,                   1,               0.995,             0.89597,                   0,                   0,                   0,             0.00505,             0.00505,             0.00505
                 252,             0.59377,              0.3286,              1.2138,             0.99971,                   1,               0.995,             0.89702,                   0,                   0,                   0,           0.0050302,           0.0050302,           0.0050302
                 253,             0.58086,             0.32354,               1.217,             0.99941,                   1,               0.995,             0.89763,                   0,                   0,                   0,           0.0050104,           0.0050104,           0.0050104
                 254,             0.58364,             0.32491,              1.2155,             0.99971,                   1,               0.995,              0.9096,                   0,                   0,                   0,           0.0049906,           0.0049906,           0.0049906
                 255,             0.58759,             0.32759,               1.222,             0.99971,                   1,               0.995,             0.90537,                   0,                   0,                   0,           0.0049708,           0.0049708,           0.0049708
                 256,             0.58261,             0.33202,              1.1999,              0.9996,                   1,               0.995,             0.90234,                   0,                   0,                   0,            0.004951,            0.004951,            0.004951
                 257,             0.58386,             0.32152,              1.2079,             0.99955,                   1,               0.995,             0.90703,                   0,                   0,                   0,           0.0049312,           0.0049312,           0.0049312
                 258,             0.57476,             0.32353,              1.2081,             0.99963,                   1,               0.995,             0.89549,                   0,                   0,                   0,           0.0049114,           0.0049114,           0.0049114
                 259,             0.57235,             0.31363,              1.1936,              0.9996,                   1,               0.995,             0.90177,                   0,                   0,                   0,           0.0048916,           0.0048916,           0.0048916
